identifier,units_shipped,units_returned,current_fba_inventory,velocity_score,ad_spend,revenue,return_rate,ad_to_revenue_ratio,velocity_per_unit,high_return,low_roi,low_velocity
NT-CHARGER-Q3,300,22.0,278.0,3.9,2970.0,7953.389999999999,0.07333333333333333,0.3734256713175137,0.014028776978417265,False,True,False
NT-EARBUD-X1,800,32.0,468.0,6.1,16400.0,57090.56,0.04,0.28726290300883367,0.013034188034188033,False,False,False
NT-EARBUD-X1-BLK,0,8.0,85.0,0.8,,,8.0,,0.009411764705882354,True,False,False
NT-SPEAKER-Z2,350,15.0,12.0,9.4,9450.0,43655.57,0.04285714285714286,0.21646722285380765,0.7833333333333333,False,False,False
NT-TABLET-P6,100,3.0,0.0,0.0,4500.0,17599.68,0.03,0.2556864670266732,0.0,False,False,True
NT-WATCH-S5,650,18.0,230.0,5.3,14800.0,80531.91,0.027692307692307693,0.18377808250170646,0.023043478260869565,False,False,False
